"","id_plots","dbh_mm","height_m","nombre_ifn"
"1","0",251,NA,"Pinus sylvestris"
"2","0",296,9.255,"Pinus sylvestris"
"3","0",303,10.127,"Pinus sylvestris"
"4","0",105,5.476,"Pinus sylvestris"
"5","0",138,7.072,"Pinus nigra"
"6","0",153,7.538,"Pinus sylvestris"
"7","0",233,9.605,"Pinus sylvestris"
"8","0",140,7.008,"Pinus sylvestris"
"9","0",200,7.358,"Pinus sylvestris"
"10","0",210,10.089,"Pinus sylvestris"
"11","0",142,6.249,"Pinus sylvestris"
"12","0",232,NA,"Pinus sylvestris"
"13","0",99,NA,"Pinus sylvestris"
"14","0",257,NA,"Pinus sylvestris"
"15","0",193,7.595,"Pinus sylvestris"
"16","0",309,10.26,"Pinus sylvestris"
"17","0",215,8.636,"Pinus sylvestris"
"18","0",186,NA,"Pinus sylvestris"
"19","0",259,9.619,"Pinus sylvestris"
"20","0",224,NA,"Pinus sylvestris"
"21","0",138,9.403,"Pinus sylvestris"
"22","0",164,NA,"Pinus sylvestris"
"23","0",208,NA,"Pinus sylvestris"
"24","0",198,6.97,"Pinus sylvestris"
"25","0",278,NA,"Pinus sylvestris"
"26","0",214,9.437,"Pinus sylvestris"
"27","0",181,7.872,"Pinus sylvestris"
"28","0",198,NA,"Pinus sylvestris"
"29","0",179,8.41,"Pinus sylvestris"
"30","0",220,8.061,"Pinus sylvestris"
"31","0",215,NA,"Pinus sylvestris"
"32","0",166,8.503,"Pinus sylvestris"
"33","0",180,8.842,"Pinus sylvestris"
"34","0",225,10,"Pinus sylvestris"
"35","0",193,NA,"Pinus sylvestris"
"36","0",179,NA,"Pinus sylvestris"
"37","2",145,NA,"Pinus sylvestris"
"38","2",171,8.204,"Pinus sylvestris"
"39","2",155,NA,"Pinus sylvestris"
"40","2",185,NA,"Pinus sylvestris"
"41","2",185,NA,"Pinus sylvestris"
"42","2",164,7.274,"Pinus sylvestris"
"43","2",168,NA,"Pinus sylvestris"
"44","2",147,NA,"Pinus sylvestris"
"45","2",200,NA,"Pinus sylvestris"
"46","2",128,6.786,"Pinus sylvestris"
"47","2",128,NA,"Pinus sylvestris"
"48","2",202,NA,"Pinus sylvestris"
"49","2",156,NA,"Pinus sylvestris"
"50","2",191,NA,"Pinus sylvestris"
"51","2",198,7.39,"Pinus sylvestris"
"52","2",142,NA,"Pinus sylvestris"
"53","2",150,7.979,"Pinus sylvestris"
"54","2",181,NA,"Pinus sylvestris"
"55","2",113,NA,"Pinus sylvestris"
"56","2",188,NA,"Pinus sylvestris"
"57","2",116,NA,"Pinus sylvestris"
"58","2",159,NA,"Pinus sylvestris"
"59","2",181,NA,"Pinus sylvestris"
"60","2",194,NA,"Pinus sylvestris"
"61","2",135,NA,"Pinus sylvestris"
"62","2",147,NA,"Pinus sylvestris"
"63","2",160,NA,"Pinus sylvestris"
"64","2",210,NA,"Pinus sylvestris"
"65","2",92,NA,"Pinus sylvestris"
"66","2",184,NA,"Pinus sylvestris"
"67","2",229,NA,"Pinus sylvestris"
"68","2",214,NA,"Pinus sylvestris"
"69","2",157,NA,"Pinus sylvestris"
"70","2",234,NA,"Pinus sylvestris"
"71","2",223,NA,"Pinus sylvestris"
"72","2",186,7.977,"Pinus sylvestris"
"73","2",168,NA,"Pinus sylvestris"
"74","2",171,NA,"Pinus sylvestris"
"75","2",161,NA,"Pinus sylvestris"
"76","2",191,NA,"Pinus sylvestris"
"77","2",115,NA,"Pinus sylvestris"
"78","2",174,NA,"Pinus sylvestris"
"79","2",207,NA,"Pinus sylvestris"
"80","2",110,NA,"Pinus sylvestris"
"81","2",134,NA,"Pinus sylvestris"
"82","2",220,9.558,"Pinus sylvestris"
"83","2",220,NA,"Pinus sylvestris"
"84","2",227,NA,"Pinus sylvestris"
"85","2",217,NA,"Pinus sylvestris"
"86","2",167,NA,"Pinus sylvestris"
"87","2",150,NA,"Pinus sylvestris"
"88","2",239,8.697,"Pinus sylvestris"
"89","2",184,NA,"Pinus sylvestris"
"90","2",175,NA,"Pinus sylvestris"
"91","2",164,8.011,"Pinus sylvestris"
"92","2",137,NA,"Pinus sylvestris"
"93","2",200,NA,"Pinus sylvestris"
"94","2",208,NA,"Pinus sylvestris"
"95","2",154,6.729,"Pinus sylvestris"
"96","2",213,NA,"Pinus sylvestris"
"97","2",123,7.06,"Pinus sylvestris"
"98","2",251,NA,"Pinus sylvestris"
"99","3",229,NA,"Pinus sylvestris"
"100","3",230,NA,"Pinus sylvestris"
"101","3",210,8.809,"Pinus sylvestris"
"102","3",198,NA,"Pinus sylvestris"
"103","3",151,NA,"Pinus sylvestris"
"104","3",287,NA,"Pinus sylvestris"
"105","3",212,NA,"Pinus sylvestris"
"106","3",275,10.805,"Pinus sylvestris"
"107","3",160,NA,"Pinus sylvestris"
"108","3",156,NA,"Pinus sylvestris"
"109","3",151,NA,"Pinus sylvestris"
"110","3",142,8.597,"Pinus sylvestris"
"111","3",215,9.163,"Pinus sylvestris"
"112","3",224,NA,"Pinus sylvestris"
"113","3",272,NA,"Pinus sylvestris"
"114","3",156,NA,"Pinus sylvestris"
"115","3",170,NA,"Pinus sylvestris"
"116","3",180,NA,"Pinus sylvestris"
"117","3",263,10.78,"Pinus sylvestris"
"118","3",182,NA,"Pinus sylvestris"
"119","3",231,NA,"Pinus sylvestris"
"120","3",181,NA,"Pinus sylvestris"
"121","3",223,10.082,"Pinus sylvestris"
"122","3",251,8.867,"Pinus sylvestris"
"123","3",154,7.751,"Pinus sylvestris"
"124","3",210,9.299,"Pinus sylvestris"
"125","3",270,NA,"Pinus sylvestris"
"126","3",164,NA,"Pinus sylvestris"
"127","3",198,NA,"Pinus sylvestris"
"128","3",275,NA,"Pinus sylvestris"
"129","3",178,NA,"Pinus sylvestris"
"130","3",255,NA,"Pinus sylvestris"
"131","4",107,5.27,"Pinus sylvestris"
"132","4",134,NA,"Pinus sylvestris"
"133","4",82,NA,"Pinus sylvestris"
"134","4",121,NA,"Pinus sylvestris"
"135","4",111,NA,"Pinus sylvestris"
"136","4",147,5.261,"Pinus sylvestris"
"137","4",180,7.496,"Pinus sylvestris"
"138","4",NA,NA,"Pinus sylvestris"
"139","4",103,NA,"Pinus sylvestris"
"140","4",140,NA,"Pinus sylvestris"
"141","4",141,5.62,"Pinus sylvestris"
"142","4",112,6.204,"Pinus sylvestris"
"143","4",127,NA,"Pinus sylvestris"
"144","4",166,NA,"Pinus sylvestris"
"145","4",97,NA,"Pinus sylvestris"
"146","4",130,NA,"Pinus sylvestris"
"147","4",167,NA,"Pinus sylvestris"
"148","4",119,NA,"Pinus sylvestris"
"149","4",202,NA,"Pinus sylvestris"
"150","4",135,NA,"Pinus sylvestris"
"151","4",170,NA,"Pinus sylvestris"
"152","4",182,8.505,"Pinus sylvestris"
"153","4",179,NA,"Pinus sylvestris"
"154","4",163,NA,"Pinus sylvestris"
"155","4",187,NA,"Pinus sylvestris"
"156","4",183,NA,"Pinus sylvestris"
"157","4",145,NA,"Pinus sylvestris"
"158","4",218,NA,"Pinus sylvestris"
"159","4",251,NA,"Pinus sylvestris"
"160","4",210,8.204,"Pinus sylvestris"
"161","4",129,NA,"Pinus sylvestris"
"162","4",110,NA,"Pinus sylvestris"
"163","4",179,NA,"Pinus sylvestris"
"164","4",193,6.667,"Pinus sylvestris"
"165","4",229,7.763,"Pinus sylvestris"
"166","4",142,5.029,"Pinus sylvestris"
"167","5",197,NA,"Pinus nigra"
"168","5",183,NA,"Pinus nigra"
"169","5",184,NA,"Pinus nigra"
"170","5",173,NA,"Pinus nigra"
"171","5",155,NA,"Pinus nigra"
"172","5",NA,NA,"Pinus nigra"
"173","5",201,NA,"Pinus nigra"
"174","5",166,NA,"Pinus nigra"
"175","5",173,NA,"Pinus nigra"
"176","5",74,NA,"Pinus nigra"
"177","5",179,NA,"Pinus nigra"
"178","5",142,NA,"Pinus nigra"
"179","5",116,NA,"Pinus nigra"
"180","5",177,NA,"Pinus nigra"
"181","5",111,NA,"Pinus nigra"
"182","5",162,NA,"Pinus nigra"
"183","5",151,10.488,"Pinus nigra"
"184","5",169,NA,"Pinus nigra"
"185","5",176,NA,"Pinus nigra"
"186","5",179,NA,"Pinus nigra"
"187","5",193,NA,"Pinus nigra"
"188","5",156,NA,"Pinus nigra"
"189","5",156,8.673,"Pinus nigra"
"190","5",97,7.523,"Pinus nigra"
"191","5",210,NA,"Pinus nigra"
"192","5",83,NA,"Pinus nigra"
"193","5",157,NA,"Pinus nigra"
"194","5",154,NA,"Pinus nigra"
"195","5",102,7.696,"Pinus nigra"
"196","5",184,NA,"Pinus nigra"
"197","5",216,9.633,"Pinus nigra"
"198","5",186,NA,"Pinus nigra"
"199","5",162,8.842,"Pinus nigra"
"200","5",135,NA,"Pinus nigra"
"201","5",129,NA,"Pinus nigra"
"202","5",177,NA,"Pinus nigra"
"203","5",147,NA,"Pinus nigra"
"204","5",111,NA,"Pinus nigra"
"205","5",154,NA,"Pinus nigra"
"206","5",141,NA,"Pinus nigra"
"207","5",194,NA,"Pinus nigra"
"208","5",143,10.055,"Pinus nigra"
"209","5",112,8.353,"Pinus nigra"
"210","5",158,NA,"Pinus nigra"
"211","5",133,NA,"Pinus nigra"
"212","5",219,9.583,"Pinus nigra"
"213","5",165,8.583,"Pinus nigra"
"214","5",148,NA,"Pinus nigra"
"215","5",146,NA,"Pinus nigra"
"216","5",117,6.814,"Pinus nigra"
"217","5",163,NA,"Pinus nigra"
"218","5",188,NA,"Pinus nigra"
"219","5",143,NA,"Pinus nigra"
"220","5",157,NA,"Pinus nigra"
"221","5",152,NA,"Pinus nigra"
"222","5",177,NA,"Pinus nigra"
"223","5",118,NA,"Pinus nigra"
"224","5",157,NA,"Pinus nigra"
"225","5",177,NA,"Pinus nigra"
"226","5",115,NA,"Pinus nigra"
"227","5",171,NA,"Pinus nigra"
"228","5",201,NA,"Pinus nigra"
"229","5",158,NA,"Pinus nigra"
"230","5",180,NA,"Pinus nigra"
"231","5",155,NA,"Pinus nigra"
"232","5",NA,NA,"Pinus nigra"
"233","5",141,NA,"Pinus nigra"
"234","5",150,NA,"Pinus nigra"
"235","5",165,NA,"Pinus nigra"
"236","5",168,NA,"Pinus nigra"
"237","5",140,NA,"Pinus nigra"
"238","5",201,NA,"Pinus nigra"
"239","5",169,NA,"Pinus nigra"
"240","5",165,9.475,"Pinus nigra"
"241","5",187,9.213,"Pinus nigra"
"242","5",164,NA,"Pinus nigra"
"243","5",151,NA,"Pinus nigra"
"244","5",178,NA,"Pinus nigra"
"245","5",166,NA,"Pinus nigra"
"246","5",180,NA,"Pinus nigra"
"247","5",165,NA,"Pinus nigra"
"248","5",132,NA,"Pinus nigra"
"249","5",150,7.289,"Pinus nigra"
"250","5",150,6.912,"Pinus nigra"
"251","5",157,NA,"Pinus nigra"
"252","5",116,NA,"Pinus nigra"
"253","5",197,NA,"Pinus nigra"
"254","5",193,NA,"Pinus nigra"
"255","5",182,NA,"Pinus nigra"
"256","6",178,12.186,"Pinus sylvestris"
"257","6",167,NA,"Pinus sylvestris"
"258","6",166,NA,"Pinus sylvestris"
"259","6",205,NA,"Pinus sylvestris"
"260","6",161,NA,"Pinus sylvestris"
"261","6",165,9.022,"Pinus sylvestris"
"262","6",204,NA,"Pinus sylvestris"
"263","6",179,NA,"Pinus sylvestris"
"264","6",216,NA,"Pinus sylvestris"
"265","6",228,NA,"Pinus sylvestris"
"266","6",159,NA,"Pinus sylvestris"
"267","6",207,NA,"Pinus sylvestris"
"268","6",181,9.504,"Pinus sylvestris"
"269","6",178,NA,"Pinus sylvestris"
"270","6",181,8.56,"Pinus sylvestris"
"271","6",105,NA,"Pinus sylvestris"
"272","6",211,NA,"Pinus sylvestris"
"273","6",198,NA,"Pinus sylvestris"
"274","6",157,NA,"Pinus sylvestris"
"275","6",206,NA,"Pinus sylvestris"
"276","6",199,NA,"Pinus sylvestris"
"277","6",171,NA,"Pinus sylvestris"
"278","6",127,NA,"Pinus sylvestris"
"279","6",148,NA,"Pinus sylvestris"
"280","6",162,NA,"Pinus sylvestris"
"281","6",164,NA,"Pinus sylvestris"
"282","6",194,NA,"Pinus sylvestris"
"283","6",152,NA,"Pinus sylvestris"
"284","6",171,NA,"Pinus sylvestris"
"285","6",214,NA,"Pinus sylvestris"
"286","6",208,NA,"Pinus sylvestris"
"287","6",146,NA,"Pinus sylvestris"
"288","6",152,NA,"Pinus sylvestris"
"289","6",233,NA,"Pinus sylvestris"
"290","6",198,NA,"Pinus sylvestris"
"291","6",171,7.312,"Pinus sylvestris"
"292","6",159,NA,"Pinus sylvestris"
"293","6",173,NA,"Pinus sylvestris"
"294","6",171,NA,"Pinus sylvestris"
"295","6",192,NA,"Pinus sylvestris"
"296","6",179,NA,"Pinus sylvestris"
"297","6",156,NA,"Pinus sylvestris"
"298","6",169,NA,"Pinus sylvestris"
"299","6",194,8.376,"Pinus sylvestris"
"300","6",157,NA,"Pinus sylvestris"
"301","6",140,NA,"Pinus sylvestris"
"302","6",184,NA,"Pinus sylvestris"
"303","6",150,NA,"Pinus sylvestris"
"304","6",139,NA,"Pinus sylvestris"
"305","6",104,NA,"Pinus sylvestris"
"306","6",191,NA,"Pinus sylvestris"
"307","6",128,NA,"Pinus sylvestris"
"308","6",175,NA,"Pinus sylvestris"
"309","6",134,7.749,"Pinus sylvestris"
"310","6",192,NA,"Pinus sylvestris"
"311","6",194,NA,"Pinus sylvestris"
"312","6",169,NA,"Pinus sylvestris"
"313","6",161,7.91,"Pinus sylvestris"
"314","6",173,NA,"Pinus sylvestris"
"315","6",120,NA,"Pinus sylvestris"
"316","6",146,NA,"Pinus sylvestris"
"317","6",245,7.881,"Pinus sylvestris"
"318","6",174,9.15,"Pinus sylvestris"
"319","6",141,NA,"Pinus sylvestris"
"320","6",133,NA,"Pinus sylvestris"
"321","6",151,NA,"Pinus sylvestris"
"322","6",165,NA,"Pinus sylvestris"
"323","6",218,NA,"Pinus sylvestris"
"324","6",171,NA,"Pinus sylvestris"
"325","6",161,NA,"Pinus sylvestris"
"326","7",265,NA,"Pinus sylvestris"
"327","7",231,NA,"Pinus sylvestris"
"328","7",198,NA,"Pinus sylvestris"
"329","7",219,10.6,"Pinus sylvestris"
"330","7",262,NA,"Pinus sylvestris"
"331","7",177,NA,"Pinus sylvestris"
"332","7",235,NA,"Pinus sylvestris"
"333","7",218,NA,"Pinus sylvestris"
"334","7",185,13.374,"Pinus sylvestris"
"335","7",206,NA,"Pinus sylvestris"
"336","7",223,NA,"Pinus sylvestris"
"337","7",199,NA,"Pinus sylvestris"
"338","7",221,NA,"Pinus sylvestris"
"339","7",239,NA,"Pinus sylvestris"
"340","7",197,NA,"Pinus sylvestris"
"341","7",182,NA,"Pinus sylvestris"
"342","7",213,NA,"Pinus sylvestris"
"343","7",163,NA,"Pinus sylvestris"
"344","7",193,NA,"Pinus sylvestris"
"345","7",181,NA,"Pinus sylvestris"
"346","7",240,10.164,"Pinus sylvestris"
"347","7",211,NA,"Pinus sylvestris"
"348","7",146,NA,"Pinus sylvestris"
"349","7",179,NA,"Pinus sylvestris"
"350","7",187,NA,"Pinus sylvestris"
"351","7",196,NA,"Pinus sylvestris"
"352","7",174,11.976,"Pinus sylvestris"
"353","7",206,9.779,"Pinus sylvestris"
"354","7",195,NA,"Pinus sylvestris"
"355","7",176,12.162,"Pinus sylvestris"
"356","7",156,NA,"Pinus sylvestris"
"357","7",156,6.581,"Pinus sylvestris"
"358","7",179,NA,"Pinus sylvestris"
"359","7",163,10.517,"Pinus sylvestris"
"360","7",173,NA,"Pinus sylvestris"
"361","7",193,NA,"Pinus sylvestris"
"362","7",172,NA,"Pinus sylvestris"
"363","7",187,NA,"Pinus sylvestris"
"364","7",161,8.31,"Pinus sylvestris"
"365","7",167,10.66,"Pinus sylvestris"
"366","7",161,7.615,"Pinus sylvestris"
"367","7",160,NA,"Pinus sylvestris"
"368","7",148,11.076,"Pinus sylvestris"
"369","7",242,NA,"Pinus sylvestris"
"370","7",176,NA,"Pinus sylvestris"
"371","7",113,NA,"Pinus sylvestris"
"372","7",192,NA,"Pinus sylvestris"
"373","7",194,NA,"Pinus sylvestris"
"374","7",180,9.087,"Pinus sylvestris"
"375","7",167,12.712,"Pinus sylvestris"
"376","7",158,10.468,"Pinus sylvestris"
"377","7",163,12.674,"Pinus sylvestris"
"378","7",207,10.244,"Pinus sylvestris"
"379","7",185,NA,"Pinus sylvestris"
"380","7",144,NA,"Pinus sylvestris"
"381","7",129,11.655,"Pinus sylvestris"
"382","7",162,NA,"Pinus sylvestris"
"383","7",160,11.724,"Pinus sylvestris"
"384","7",178,NA,"Pinus sylvestris"
"385","7",165,7.902,"Pinus sylvestris"
"386","7",189,NA,"Pinus sylvestris"
"387","7",183,NA,"Pinus sylvestris"
"388","7",176,NA,"Pinus sylvestris"
"389","7",116,7.885,"Pinus sylvestris"
"390","7",200,10.063,"Pinus sylvestris"
"391","7",181,NA,"Pinus sylvestris"
"392","7",126,NA,"Pinus sylvestris"
"393","7",205,NA,"Pinus sylvestris"
"394","7",171,9.792,"Pinus sylvestris"
"395","7",164,NA,"Pinus sylvestris"
"396","7",196,NA,"Pinus sylvestris"
"397","7",185,8.597,"Pinus sylvestris"
"398","7",199,NA,"Pinus sylvestris"
"399","7",160,NA,"Pinus sylvestris"
"400","8",494,14.321,"Pinus sylvestris"
"401","8",335,18.861,"Pinus sylvestris"
"402","8",300,12.269,"Pinus sylvestris"
"403","8",249,15.774,"Pinus sylvestris"
"404","8",293,16.585,"Pinus sylvestris"
"405","8",284,15.908,"Pinus sylvestris"
"406","8",225,14.592,"Pinus sylvestris"
"407","8",287,15.874,"Pinus sylvestris"
"408","8",326,15.091,"Pinus sylvestris"
"409","8",230,NA,"Pinus sylvestris"
"410","8",325,14.689,"Pinus sylvestris"
"411","8",218,NA,"Pinus sylvestris"
"412","8",337,NA,"Pinus sylvestris"
"413","8",244,13.488,"Pinus sylvestris"
"414","8",281,13.871,"Pinus sylvestris"
"415","8",210,14.214,"Pinus sylvestris"
"416","8",275,NA,"Pinus sylvestris"
"417","8",190,NA,"Pinus sylvestris"
"418","8",199,NA,"Pinus sylvestris"
"419","8",252,12.993,"Pinus sylvestris"
"420","8",244,NA,"Pinus sylvestris"
"421","8",254,NA,"Pinus sylvestris"
"422","8",188,13.287,"Pinus sylvestris"
"423","8",188,NA,"Pinus sylvestris"
"424","8",198,NA,"Pinus sylvestris"
"425","8",271,10.762,"Pinus sylvestris"
"426","8",169,NA,"Pinus sylvestris"
"427","8",246,15.511,"Pinus sylvestris"
"428","8",234,NA,"Pinus sylvestris"
"429","8",343,14.876,"Pinus sylvestris"
"430","8",201,NA,"Pinus sylvestris"
"431","8",250,NA,"Pinus sylvestris"
"432","8",251,10.76,"Pinus sylvestris"
"433","8",158,11.497,"Pinus sylvestris"
"434","8",193,NA,"Pinus sylvestris"
"435","8",141,NA,"Pinus sylvestris"
"436","8",239,NA,"Pinus sylvestris"
"437","8",160,NA,"Pinus sylvestris"
"438","8",179,NA,"Pinus sylvestris"
"439","8",276,NA,"Pinus sylvestris"
"440","8",175,NA,"Pinus sylvestris"
"441","8",196,NA,"Pinus sylvestris"
"442","8",212,NA,"Pinus sylvestris"
"443","8",218,NA,"Pinus sylvestris"
"444","8",160,NA,"Pinus sylvestris"
"445","8",154,NA,"Pinus sylvestris"
"446","8",245,NA,"Pinus sylvestris"
"447","8",172,NA,"Pinus sylvestris"
"448","8",120,NA,"Pinus sylvestris"
"449","9",163,8.402,"Pinus sylvestris"
"450","9",162,9.262,"Pinus sylvestris"
"451","9",190,NA,"Pinus sylvestris"
"452","9",128,NA,"Pinus sylvestris"
"453","9",130,NA,"Pinus sylvestris"
"454","9",182,NA,"Pinus sylvestris"
"455","9",247,11.368,"Pinus sylvestris"
"456","9",264,12.849,"Pinus sylvestris"
"457","9",NA,NA,"Pinus sylvestris"
"458","9",186,NA,"Pinus sylvestris"
"459","9",185,7.804,"Pinus sylvestris"
"460","9",268,14.602,"Pinus nigra"
"461","9",228,NA,"Pinus sylvestris"
"462","9",NA,NA,"Pinus sylvestris"
"463","9",267,NA,"Pinus sylvestris"
"464","9",236,8.666,"Pinus sylvestris"
"465","9",329,11.573,"Pinus sylvestris"
"466","9",206,NA,"Pinus sylvestris"
"467","9",293,11.929,"Pinus sylvestris"
"468","9",249,NA,"Pinus sylvestris"
"469","9",250,NA,"Pinus sylvestris"
"470","9",276,13.128,"Pinus sylvestris"
"471","9",250,12.822,"Pinus sylvestris"
"472","9",303,NA,"Pinus sylvestris"
"473","9",278,NA,"Pinus sylvestris"
"474","9",232,NA,"Pinus sylvestris"
"475","9",320,NA,"Pinus sylvestris"
"476","9",201,NA,"Pinus sylvestris"
"477","9",303,NA,"Pinus sylvestris"
"478","9",216,NA,"Pinus sylvestris"
"479","9",271,NA,"Pinus nigra"
"480","9",275,NA,"Pinus sylvestris"
"481","10",138,NA,"Pinus sylvestris"
"482","10",175,7.028,"Pinus sylvestris"
"483","10",167,7.739,"Pinus sylvestris"
"484","10",163,8.49,"Pinus sylvestris"
"485","10",133,NA,"Pinus sylvestris"
"486","10",212,NA,"Pinus sylvestris"
"487","10",217,NA,"Pinus sylvestris"
"488","10",170,8.712,"Pinus sylvestris"
"489","10",197,9.447,"Pinus sylvestris"
"490","10",207,NA,"Pinus sylvestris"
"491","10",212,NA,"Pinus sylvestris"
"492","10",207,NA,"Pinus sylvestris"
"493","10",204,8.06,"Pinus sylvestris"
"494","10",213,NA,"Pinus sylvestris"
"495","10",230,NA,"Pinus sylvestris"
"496","10",149,NA,"Pinus sylvestris"
"497","10",216,NA,"Pinus sylvestris"
"498","10",163,NA,"Pinus sylvestris"
"499","10",187,NA,"Pinus sylvestris"
"500","10",169,NA,"Pinus sylvestris"
"501","10",230,NA,"Pinus sylvestris"
"502","10",176,6.432,"Pinus sylvestris"
"503","10",128,NA,"Pinus sylvestris"
"504","10",197,NA,"Pinus sylvestris"
"505","10",121,NA,"Pinus sylvestris"
"506","10",152,NA,"Pinus sylvestris"
"507","10",181,NA,"Pinus sylvestris"
"508","10",181,NA,"Pinus sylvestris"
"509","10",157,NA,"Pinus sylvestris"
"510","10",149,NA,"Pinus sylvestris"
"511","10",157,NA,"Pinus sylvestris"
"512","10",160,NA,"Pinus sylvestris"
"513","10",161,NA,"Pinus sylvestris"
"514","10",166,NA,"Pinus sylvestris"
"515","10",141,NA,"Pinus sylvestris"
"516","10",155,NA,"Pinus sylvestris"
"517","10",162,NA,"Pinus sylvestris"
"518","10",150,NA,"Pinus sylvestris"
"519","10",188,NA,"Pinus sylvestris"
"520","10",150,NA,"Pinus sylvestris"
"521","10",159,NA,"Pinus sylvestris"
"522","10",112,NA,"Pinus sylvestris"
"523","10",154,NA,"Pinus sylvestris"
"524","10",226,NA,"Pinus sylvestris"
"525","10",171,NA,"Pinus sylvestris"
"526","11",135,NA,"Pinus sylvestris"
"527","11",136,8.214,"Pinus sylvestris"
"528","11",234,NA,"Pinus sylvestris"
"529","11",130,NA,"Pinus sylvestris"
"530","11",144,NA,"Pinus sylvestris"
"531","11",150,7.604,"Pinus sylvestris"
"532","11",190,NA,"Pinus sylvestris"
"533","11",178,NA,"Pinus sylvestris"
"534","11",168,NA,"Pinus sylvestris"
"535","11",135,NA,"Pinus sylvestris"
"536","11",168,7.268,"Pinus sylvestris"
"537","11",164,NA,"Pinus sylvestris"
"538","11",125,NA,"Pinus sylvestris"
"539","11",156,NA,"Pinus sylvestris"
"540","11",136,7.62,"Pinus sylvestris"
"541","11",176,8.469,"Pinus sylvestris"
"542","11",189,NA,"Pinus sylvestris"
"543","11",123,NA,"Pinus sylvestris"
"544","11",159,NA,"Pinus sylvestris"
"545","11",236,NA,"Pinus sylvestris"
"546","11",151,NA,"Pinus sylvestris"
"547","11",220,9.376,"Pinus sylvestris"
"548","11",187,NA,"Pinus sylvestris"
"549","11",163,NA,"Pinus sylvestris"
"550","11",166,NA,"Pinus sylvestris"
"551","11",150,NA,"Pinus sylvestris"
"552","11",187,8.751,"Pinus sylvestris"
"553","11",226,NA,"Pinus sylvestris"
"554","11",182,NA,"Pinus sylvestris"
"555","11",233,NA,"Pinus sylvestris"
"556","11",190,NA,"Pinus sylvestris"
"557","11",185,NA,"Pinus sylvestris"
"558","11",172,NA,"Pinus sylvestris"
"559","11",164,NA,"Pinus sylvestris"
"560","11",187,NA,"Pinus sylvestris"
"561","11",168,NA,"Pinus sylvestris"
"562","11",163,NA,"Pinus sylvestris"
"563","11",164,NA,"Pinus sylvestris"
"564","11",170,NA,"Pinus sylvestris"
"565","11",168,NA,"Pinus sylvestris"
"566","11",175,8.116,"Pinus sylvestris"
"567","11",172,NA,"Pinus sylvestris"
"568","11",125,NA,"Pinus sylvestris"
"569","11",169,NA,"Pinus sylvestris"
"570","11",183,NA,"Pinus sylvestris"
"571","11",155,8.531,"Pinus sylvestris"
"572","11",166,NA,"Pinus sylvestris"
"573","11",168,NA,"Pinus sylvestris"
"574","11",123,NA,"Pinus sylvestris"
"575","11",213,8.391,"Pinus sylvestris"
"576","11",179,NA,"Pinus sylvestris"
"577","11",185,NA,"Pinus sylvestris"
"578","11",114,NA,"Pinus sylvestris"
"579","11",184,NA,"Pinus sylvestris"
"580","11",182,9.347,"Pinus sylvestris"
"581","11",201,8.579,"Pinus sylvestris"
"582","11",113,NA,"Pinus sylvestris"
"583","11",177,9.158,"Pinus sylvestris"
"584","11",196,8.507,"Pinus sylvestris"
"585","11",129,NA,"Pinus sylvestris"
"586","11",164,NA,"Pinus sylvestris"
"587","11",140,6.487,"Pinus sylvestris"
"588","11",176,NA,"Pinus sylvestris"
"589","11",188,NA,"Pinus sylvestris"
"590","11",NA,NA,"Pinus sylvestris"
"591","11",161,7.743,"Pinus sylvestris"
"592","11",133,NA,"Pinus sylvestris"
"593","11",174,7.04,"Pinus sylvestris"
"594","11",177,NA,"Pinus sylvestris"
"595","11",164,NA,"Pinus sylvestris"
"596","11",168,8.868,"Pinus sylvestris"
"597","11",173,NA,"Pinus sylvestris"
"598","11",170,NA,"Pinus sylvestris"
"599","11",192,9.461,"Pinus sylvestris"
"600","11",159,8.112,"Pinus sylvestris"
"601","11",161,6.811,"Pinus sylvestris"
"602","11",131,8.158,"Pinus sylvestris"
"603","11",204,8.84,"Pinus sylvestris"
"604","11",175,7.957,"Pinus sylvestris"
"605","11",190,8.71,"Pinus sylvestris"
"606","11",156,5.949,"Pinus sylvestris"
"607","11",174,8.199,"Pinus sylvestris"
"608","11",154,NA,"Pinus sylvestris"
"609","11",139,NA,"Pinus sylvestris"
"610","11",115,5.867,"Pinus sylvestris"
"611","11",142,7.137,"Pinus sylvestris"
"612","11",96,7,"Pinus sylvestris"
"613","11",132,NA,"Pinus sylvestris"
"614","11",98,7.282,"Pinus sylvestris"
"615","11",129,NA,"Pinus sylvestris"
"616","11",166,NA,"Pinus sylvestris"
"617","12",198,8.921,"Pinus sylvestris"
"618","12",190,8.761,"Pinus sylvestris"
"619","12",236,NA,"Pinus sylvestris"
"620","12",184,7.65,"Pinus sylvestris"
"621","12",139,9.004,"Pinus sylvestris"
"622","12",243,8.883,"Pinus sylvestris"
"623","12",138,NA,"Pinus sylvestris"
"624","12",217,7.928,"Pinus sylvestris"
"625","12",160,NA,"Pinus sylvestris"
"626","12",212,NA,"Pinus sylvestris"
"627","12",168,7.113,"Pinus sylvestris"
"628","12",202,NA,"Pinus sylvestris"
"629","12",224,9.187,"Pinus sylvestris"
"630","12",133,NA,"Pinus sylvestris"
"631","12",162,NA,"Pinus sylvestris"
"632","12",243,10.108,"Pinus sylvestris"
"633","12",173,NA,"Pinus sylvestris"
"634","12",167,NA,"Pinus sylvestris"
"635","12",158,NA,"Pinus sylvestris"
"636","12",116,NA,"Pinus sylvestris"
"637","12",168,NA,"Pinus sylvestris"
"638","12",140,NA,"Pinus sylvestris"
"639","12",179,9.421,"Pinus sylvestris"
"640","12",106,NA,"Pinus sylvestris"
"641","12",179,NA,"Pinus sylvestris"
"642","12",175,7.243,"Pinus sylvestris"
"643","12",330,NA,"Pinus sylvestris"
"644","12",184,10.094,"Pinus sylvestris"
"645","12",209,NA,"Pinus sylvestris"
"646","12",159,NA,"Pinus sylvestris"
"647","12",190,8.155,"Pinus sylvestris"
"648","12",194,NA,"Pinus sylvestris"
"649","12",168,8.201,"Pinus sylvestris"
"650","12",186,NA,"Pinus sylvestris"
"651","12",229,NA,"Pinus sylvestris"
"652","12",162,NA,"Pinus sylvestris"
"653","12",231,NA,"Pinus sylvestris"
"654","12",165,NA,"Pinus sylvestris"
"655","12",171,NA,"Pinus sylvestris"
"656","12",173,NA,"Pinus sylvestris"
"657","12",307,NA,"Pinus sylvestris"
"658","12",168,NA,"Pinus sylvestris"
"659","12",139,7.735,"Pinus sylvestris"
"660","12",164,NA,"Pinus sylvestris"
"661","12",186,NA,"Pinus sylvestris"
"662","12",179,NA,"Pinus sylvestris"
"663","12",188,NA,"Pinus sylvestris"
"664","12",166,NA,"Pinus sylvestris"
"665","12",193,NA,"Pinus sylvestris"
"666","12",164,NA,"Pinus sylvestris"
"667","12",145,7.573,"Pinus sylvestris"
"668","12",145,NA,"Pinus sylvestris"
"669","12",166,NA,"Pinus sylvestris"
"670","12",153,NA,"Pinus sylvestris"
"671","13",134,8.224,"Pinus sylvestris"
"672","13",200,10.615,"Pinus sylvestris"
"673","13",217,NA,"Pinus sylvestris"
"674","13",223,NA,"Pinus sylvestris"
"675","13",208,NA,"Pinus sylvestris"
"676","13",167,NA,"Pinus sylvestris"
"677","13",130,NA,"Pinus sylvestris"
"678","13",124,NA,"Pinus sylvestris"
"679","13",145,NA,"Pinus sylvestris"
"680","13",130,NA,"Pinus sylvestris"
"681","13",258,NA,"Pinus sylvestris"
"682","13",164,NA,"Pinus sylvestris"
"683","13",166,NA,"Pinus sylvestris"
"684","13",207,8.692,"Pinus sylvestris"
"685","13",141,7.902,"Pinus sylvestris"
"686","13",151,NA,"Pinus sylvestris"
"687","13",180,7.847,"Pinus sylvestris"
"688","13",257,9.658,"Pinus sylvestris"
"689","13",169,NA,"Pinus sylvestris"
"690","13",158,7.778,"Pinus sylvestris"
"691","13",165,7.992,"Pinus sylvestris"
"692","13",151,7.816,"Pinus sylvestris"
"693","13",183,NA,"Pinus sylvestris"
"694","13",169,NA,"Pinus sylvestris"
"695","13",151,NA,"Pinus sylvestris"
"696","13",100,NA,"Pinus sylvestris"
"697","13",163,8.625,"Pinus sylvestris"
"698","13",257,NA,"Pinus sylvestris"
"699","13",230,NA,"Pinus sylvestris"
"700","13",154,8.12,"Pinus sylvestris"
"701","13",157,8.103,"Pinus sylvestris"
"702","13",163,NA,"Pinus sylvestris"
"703","13",131,NA,"Pinus sylvestris"
"704","13",143,NA,"Pinus sylvestris"
"705","13",163,8.715,"Pinus sylvestris"
"706","13",194,NA,"Pinus sylvestris"
"707","13",175,9.379,"Pinus sylvestris"
"708","13",124,8.507,"Pinus sylvestris"
"709","13",178,NA,"Pinus sylvestris"
"710","13",133,NA,"Pinus sylvestris"
"711","13",151,9.088,"Pinus sylvestris"
"712","13",180,NA,"Pinus sylvestris"
"713","13",168,NA,"Pinus sylvestris"
"714","13",191,10.492,"Pinus sylvestris"
"715","13",159,8.755,"Pinus sylvestris"
"716","13",207,NA,"Pinus sylvestris"
"717","13",147,NA,"Pinus sylvestris"
"718","13",235,11.397,"Pinus sylvestris"
"719","13",127,NA,"Pinus sylvestris"
"720","13",126,NA,"Pinus sylvestris"
"721","13",142,NA,"Pinus sylvestris"
"722","13",210,NA,"Pinus sylvestris"
"723","13",144,NA,"Pinus sylvestris"
"724","13",224,NA,"Pinus sylvestris"
"725","13",134,NA,"Pinus sylvestris"
"726","13",206,NA,"Pinus sylvestris"
"727","13",NA,10.443,"Pinus sylvestris"
"728","13",177,NA,"Pinus sylvestris"
"729","13",270,NA,"Pinus sylvestris"
"730","13",235,NA,"Pinus sylvestris"
"731","14",165,NA,"Pinus sylvestris"
"732","14",140,NA,"Pinus sylvestris"
"733","14",136,NA,"Pinus sylvestris"
"734","14",103,NA,"Pinus sylvestris"
"735","14",197,NA,"Pinus sylvestris"
"736","14",206,NA,"Pinus sylvestris"
"737","14",138,NA,"Pinus sylvestris"
"738","14",270,NA,"Pinus sylvestris"
"739","14",129,NA,"Pinus sylvestris"
"740","14",144,NA,"Pinus sylvestris"
"741","14",127,NA,"Pinus sylvestris"
"742","14",114,6.709,"Pinus sylvestris"
"743","14",163,NA,"Pinus sylvestris"
"744","14",174,NA,"Pinus sylvestris"
"745","14",162,NA,"Pinus sylvestris"
"746","14",140,NA,"Pinus sylvestris"
"747","14",172,7.926,"Pinus sylvestris"
"748","14",186,NA,"Pinus sylvestris"
"749","14",175,NA,"Pinus sylvestris"
"750","14",143,NA,"Pinus sylvestris"
"751","14",201,NA,"Pinus sylvestris"
"752","14",188,NA,"Pinus sylvestris"
"753","14",127,NA,"Pinus sylvestris"
"754","14",139,NA,"Pinus sylvestris"
"755","14",131,NA,"Pinus sylvestris"
"756","14",136,NA,"Pinus sylvestris"
"757","14",166,NA,"Pinus sylvestris"
"758","14",156,NA,"Pinus sylvestris"
"759","14",174,NA,"Pinus sylvestris"
"760","14",144,NA,"Pinus sylvestris"
"761","14",102,NA,"Pinus sylvestris"
"762","14",150,NA,"Pinus sylvestris"
"763","14",120,NA,"Pinus sylvestris"
"764","14",153,NA,"Pinus sylvestris"
"765","14",150,6.635,"Pinus sylvestris"
"766","14",121,NA,"Pinus sylvestris"
"767","14",168,NA,"Pinus sylvestris"
"768","14",176,NA,"Pinus sylvestris"
"769","14",164,7.107,"Pinus sylvestris"
"770","14",170,NA,"Pinus sylvestris"
"771","14",158,NA,"Pinus sylvestris"
"772","14",139,NA,"Pinus sylvestris"
"773","14",125,NA,"Pinus sylvestris"
"774","14",160,NA,"Pinus sylvestris"
"775","14",172,NA,"Pinus sylvestris"
"776","14",168,NA,"Pinus sylvestris"
"777","14",186,7.068,"Pinus sylvestris"
"778","14",159,6.539,"Pinus sylvestris"
"779","14",147,NA,"Pinus sylvestris"
"780","14",102,5.371,"Pinus sylvestris"
"781","14",228,NA,"Pinus sylvestris"
"782","14",156,NA,"Pinus sylvestris"
"783","14",237,NA,"Pinus sylvestris"
"784","14",124,5.111,"Pinus sylvestris"
"785","14",180,NA,"Pinus sylvestris"
"786","14",136,NA,"Pinus sylvestris"
"787","14",153,NA,"Pinus sylvestris"
"788","14",154,NA,"Pinus sylvestris"
"789","14",182,NA,"Pinus sylvestris"
"790","14",157,6.091,"Pinus sylvestris"
"791","14",157,NA,"Pinus sylvestris"
"792","14",178,NA,"Pinus sylvestris"
"793","14",143,NA,"Pinus sylvestris"
"794","14",160,NA,"Pinus sylvestris"
"795","14",173,NA,"Pinus sylvestris"
"796","14",168,NA,"Pinus sylvestris"
"797","14",143,NA,"Pinus sylvestris"
"798","14",146,NA,"Pinus sylvestris"
"799","14",158,7.553,"Pinus sylvestris"
"800","14",185,NA,"Pinus sylvestris"
"801","14",164,NA,"Pinus sylvestris"
"802","14",196,NA,"Pinus sylvestris"
"803","14",229,7.368,"Pinus sylvestris"
"804","14",189,7.805,"Pinus sylvestris"
"805","14",184,NA,"Pinus sylvestris"
"806","14",142,NA,"Pinus sylvestris"
"807","14",169,NA,"Pinus sylvestris"
"808","14",191,NA,"Pinus sylvestris"
"809","14",173,NA,"Pinus sylvestris"
"810","15",221,NA,"Pinus sylvestris"
"811","15",112,6.12,"Pinus sylvestris"
"812","15",110,4.412,"Pinus sylvestris"
"813","15",195,NA,"Pinus sylvestris"
"814","15",150,NA,"Pinus sylvestris"
"815","15",206,8.005,"Pinus sylvestris"
"816","15",266,NA,"Pinus sylvestris"
"817","15",204,NA,"Pinus sylvestris"
"818","15",184,NA,"Pinus sylvestris"
"819","15",163,5.104,"Pinus nigra"
"820","15",187,NA,"Pinus sylvestris"
"821","15",171,NA,"Pinus sylvestris"
"822","15",153,NA,"Pinus sylvestris"
"823","15",162,NA,"Pinus nigra"
"824","15",186,NA,"Pinus sylvestris"
"825","15",194,NA,"Pinus sylvestris"
"826","15",155,7.976,"Pinus sylvestris"
"827","15",223,7.395,"Pinus sylvestris"
"828","15",177,7.765,"Pinus sylvestris"
"829","15",132,NA,"Pinus sylvestris"
"830","15",111,4.868,"Pinus nigra"
"831","15",215,NA,"Pinus sylvestris"
"832","15",119,NA,"Pinus nigra"
"833","15",72,NA,"Pinus nigra"
"834","15",101,NA,"Pinus sylvestris"
"835","15",146,NA,"Pinus sylvestris"
"836","15",104,NA,"Pinus nigra"
"837","15",157,NA,"Pinus sylvestris"
"838","15",156,7.142,"Pinus sylvestris"
"839","15",81,4.993,"Pinus sylvestris"
"840","15",178,NA,"Pinus sylvestris"
"841","15",123,NA,"Pinus sylvestris"
"842","15",180,7.439,"Pinus sylvestris"
"843","15",143,NA,"Pinus sylvestris"
"844","15",181,NA,"Pinus sylvestris"
"845","15",174,NA,"Pinus sylvestris"
"846","15",171,NA,"Pinus sylvestris"
"847","15",134,NA,"Pinus sylvestris"
"848","15",158,NA,"Pinus sylvestris"
"849","17",107,NA,"Pinus sylvestris"
"850","17",106,NA,"Pinus sylvestris"
"851","17",152,NA,"Pinus sylvestris"
"852","17",187,NA,"Pinus sylvestris"
"853","17",169,NA,"Pinus sylvestris"
"854","17",136,NA,"Pinus sylvestris"
"855","17",171,NA,"Pinus sylvestris"
"856","17",191,NA,"Pinus sylvestris"
"857","17",128,NA,"Pinus sylvestris"
"858","17",147,NA,"Pinus sylvestris"
"859","17",170,NA,"Pinus sylvestris"
"860","17",198,NA,"Pinus sylvestris"
"861","17",178,NA,"Pinus sylvestris"
"862","17",187,NA,"Pinus sylvestris"
"863","17",149,NA,"Pinus sylvestris"
"864","17",118,NA,"Pinus sylvestris"
"865","17",153,NA,"Pinus sylvestris"
"866","17",127,NA,"Pinus sylvestris"
"867","17",200,NA,"Pinus sylvestris"
"868","17",170,NA,"Pinus sylvestris"
"869","17",188,NA,"Pinus sylvestris"
"870","17",115,NA,"Pinus sylvestris"
"871","17",125,NA,"Pinus sylvestris"
"872","17",173,NA,"Pinus sylvestris"
"873","17",142,NA,"Pinus sylvestris"
"874","17",109,NA,"Pinus sylvestris"
"875","17",172,NA,"Pinus sylvestris"
"876","17",104,NA,"Pinus sylvestris"
"877","17",165,NA,"Pinus sylvestris"
"878","17",149,NA,"Pinus sylvestris"
"879","17",117,NA,"Pinus sylvestris"
"880","17",175,NA,"Pinus sylvestris"
"881","17",152,NA,"Pinus sylvestris"
"882","17",207,NA,"Pinus sylvestris"
"883","17",141,NA,"Pinus sylvestris"
"884","17",164,NA,"Pinus sylvestris"
"885","17",146,NA,"Pinus sylvestris"
"886","17",136,NA,"Pinus sylvestris"
"887","17",167,NA,"Pinus sylvestris"
"888","17",152,NA,"Pinus sylvestris"
"889","17",185,NA,"Pinus sylvestris"
"890","17",134,7.378,"Pinus sylvestris"
"891","17",197,NA,"Pinus sylvestris"
"892","17",178,NA,"Pinus sylvestris"
"893","17",153,NA,"Pinus sylvestris"
"894","17",145,NA,"Pinus sylvestris"
"895","17",101,NA,"Pinus sylvestris"
"896","17",186,NA,"Pinus sylvestris"
"897","17",200,NA,"Pinus sylvestris"
"898","17",163,NA,"Pinus sylvestris"
"899","17",124,NA,"Pinus sylvestris"
"900","17",108,NA,"Pinus sylvestris"
"901","17",166,NA,"Pinus sylvestris"
"902","17",156,NA,"Pinus sylvestris"
"903","17",135,NA,"Pinus sylvestris"
"904","17",121,7.125,"Pinus sylvestris"
"905","17",150,NA,"Pinus sylvestris"
"906","17",117,NA,"Pinus sylvestris"
"907","17",154,NA,"Pinus sylvestris"
"908","17",161,NA,"Pinus sylvestris"
"909","17",156,NA,"Pinus sylvestris"
"910","17",122,7.937,"Pinus sylvestris"
"911","17",146,6.766,"Pinus sylvestris"
"912","17",130,NA,"Pinus sylvestris"
"913","17",110,NA,"Pinus sylvestris"
"914","17",150,7.347,"Pinus sylvestris"
"915","17",193,NA,"Pinus sylvestris"
"916","17",142,NA,"Pinus sylvestris"
"917","17",117,5.853,"Pinus sylvestris"
"918","17",159,NA,"Pinus sylvestris"
"919","17",175,NA,"Pinus sylvestris"
"920","17",189,NA,"Pinus sylvestris"
"921","17",125,7.28,"Pinus sylvestris"
"922","17",185,NA,"Pinus sylvestris"
"923","17",124,7.36,"Pinus sylvestris"
"924","17",162,NA,"Pinus sylvestris"
"925","17",126,6.74,"Pinus sylvestris"
"926","17",187,NA,"Pinus sylvestris"
"927","17",173,8.107,"Pinus sylvestris"
"928","17",119,NA,"Pinus sylvestris"
"929","17",99,NA,"Pinus sylvestris"
"930","17",151,7.233,"Pinus sylvestris"
"931","17",NA,NA,"Pinus sylvestris"
"932","17",114,7.201,"Pinus sylvestris"
"933","17",143,NA,"Pinus sylvestris"
"934","17",187,7.641,"Pinus sylvestris"
"935","17",156,NA,"Pinus sylvestris"
"936","17",119,NA,"Pinus sylvestris"
"937","17",140,NA,"Pinus sylvestris"
"938","17",143,7.081,"Pinus sylvestris"
"939","17",136,NA,"Pinus sylvestris"
"940","17",139,NA,"Pinus sylvestris"
"941","17",NA,6.689,"Pinus sylvestris"
"942","17",118,NA,"Pinus sylvestris"
"943","17",118,6.906,"Pinus sylvestris"
"944","17",156,8.41,"Pinus sylvestris"
"945","17",141,NA,"Pinus sylvestris"
"946","17",140,NA,"Pinus sylvestris"
"947","17",141,NA,"Pinus sylvestris"
"948","17",148,NA,"Pinus sylvestris"
"949","17",123,NA,"Pinus sylvestris"
"950","17",140,NA,"Pinus sylvestris"
"951","17",131,6.246,"Pinus sylvestris"
"952","17",161,7.678,"Pinus sylvestris"
"953","17",134,7.441,"Pinus sylvestris"
"954","17",100,NA,"Pinus sylvestris"
"955","17",157,NA,"Pinus sylvestris"
"956","17",129,NA,"Pinus sylvestris"
"957","17",171,NA,"Pinus sylvestris"
"958","17",131,NA,"Pinus sylvestris"
"959","17",169,NA,"Pinus sylvestris"
"960","19",170,NA,"Pinus sylvestris"
"961","19",222,NA,"Pinus sylvestris"
"962","19",108,NA,"Pinus sylvestris"
"963","19",136,NA,"Pinus sylvestris"
"964","19",144,NA,"Pinus sylvestris"
"965","19",182,NA,"Pinus sylvestris"
"966","19",180,NA,"Pinus sylvestris"
"967","19",190,NA,"Pinus sylvestris"
"968","19",231,9.139,"Pinus sylvestris"
"969","19",152,7.236,"Pinus sylvestris"
"970","19",169,NA,"Pinus sylvestris"
"971","19",223,NA,"Pinus sylvestris"
"972","19",231,NA,"Pinus sylvestris"
"973","19",123,NA,"Pinus sylvestris"
"974","19",172,NA,"Pinus sylvestris"
"975","19",177,3.3,"Pinus sylvestris"
"976","19",141,NA,"Pinus sylvestris"
"977","19",164,6.771,"Pinus sylvestris"
"978","19",140,NA,"Pinus sylvestris"
"979","19",65,NA,"Pinus sylvestris"
"980","19",204,NA,"Pinus sylvestris"
"981","19",140,4.887,"Pinus sylvestris"
"982","19",164,NA,"Pinus sylvestris"
"983","19",159,5.185,"Pinus sylvestris"
"984","19",111,4.095,"Pinus sylvestris"
"985","19",167,NA,"Pinus sylvestris"
"986","19",158,NA,"Pinus sylvestris"
"987","19",125,NA,"Pinus sylvestris"
"988","19",198,NA,"Pinus sylvestris"
"989","19",159,NA,"Pinus sylvestris"
"990","19",190,NA,"Pinus sylvestris"
"991","19",270,7.852,"Pinus sylvestris"
"992","19",256,NA,"Pinus sylvestris"
"993","19",186,NA,"Pinus sylvestris"
"994","19",151,NA,"Pinus sylvestris"
"995","19",187,NA,"Pinus sylvestris"
"996","19",202,8.332,"Pinus sylvestris"
"997","19",118,NA,"Pinus sylvestris"
"998","19",129,5.971,"Pinus sylvestris"
"999","19",222,NA,"Pinus sylvestris"
"1000","19",198,6.352,"Pinus sylvestris"
"1001","19",151,NA,"Pinus sylvestris"
"1002","19",176,7.478,"Pinus sylvestris"
"1003","20",194,NA,"Pinus sylvestris"
"1004","20",186,NA,"Pinus sylvestris"
"1005","20",177,NA,"Pinus sylvestris"
"1006","20",179,NA,"Pinus sylvestris"
"1007","20",119,NA,"Pinus sylvestris"
"1008","20",212,NA,"Pinus sylvestris"
"1009","20",150,NA,"Pinus sylvestris"
"1010","20",224,NA,"Pinus sylvestris"
"1011","20",125,NA,"Pinus sylvestris"
"1012","20",174,NA,"Pinus sylvestris"
"1013","20",262,NA,"Pinus sylvestris"
"1014","20",155,NA,"Pinus sylvestris"
"1015","20",157,NA,"Pinus sylvestris"
"1016","20",213,7.467,"Pinus sylvestris"
"1017","20",175,7.503,"Pinus sylvestris"
"1018","20",170,7.223,"Pinus sylvestris"
"1019","20",135,NA,"Pinus sylvestris"
"1020","20",168,NA,"Pinus sylvestris"
"1021","20",135,NA,"Pinus sylvestris"
"1022","20",135,NA,"Pinus sylvestris"
"1023","20",233,NA,"Pinus sylvestris"
"1024","20",160,NA,"Pinus sylvestris"
"1025","20",177,8.453,"Pinus sylvestris"
"1026","20",179,8.09,"Pinus sylvestris"
"1027","20",123,6.09,"Pinus sylvestris"
"1028","20",145,NA,"Pinus sylvestris"
"1029","20",179,NA,"Pinus sylvestris"
"1030","20",181,NA,"Pinus sylvestris"
"1031","20",198,NA,"Pinus sylvestris"
"1032","20",200,NA,"Pinus sylvestris"
"1033","20",138,7.084,"Pinus sylvestris"
"1034","20",225,NA,"Pinus sylvestris"
"1035","20",212,NA,"Pinus sylvestris"
"1036","20",174,NA,"Pinus sylvestris"
"1037","20",153,NA,"Pinus sylvestris"
"1038","20",185,NA,"Pinus sylvestris"
"1039","20",134,NA,"Pinus sylvestris"
"1040","20",155,NA,"Pinus sylvestris"
"1041","20",161,NA,"Pinus sylvestris"
"1042","20",133,NA,"Pinus sylvestris"
"1043","20",209,NA,"Pinus sylvestris"
"1044","20",167,NA,"Pinus sylvestris"
"1045","20",189,NA,"Pinus sylvestris"
"1046","20",147,NA,"Pinus sylvestris"
"1047","20",155,NA,"Pinus sylvestris"
"1048","20",173,NA,"Pinus sylvestris"
"1049","20",243,NA,"Pinus sylvestris"
"1050","20",117,NA,"Pinus sylvestris"
"1051","20",195,NA,"Pinus sylvestris"
"1052","20",171,NA,"Pinus sylvestris"
"1053","20",145,7.897,"Pinus sylvestris"
"1054","20",198,6.317,"Pinus sylvestris"
"1055","20",157,NA,"Pinus sylvestris"
"1056","20",169,NA,"Pinus sylvestris"
"1057","20",143,NA,"Pinus sylvestris"
"1058","20",121,6.546,"Pinus sylvestris"
"1059","20",237,9.593,"Pinus sylvestris"
"1060","20",163,NA,"Pinus sylvestris"
"1061","20",155,NA,"Pinus sylvestris"
"1062","20",270,NA,"Pinus sylvestris"
"1063","20",180,NA,"Pinus sylvestris"
"1064","20",193,NA,"Pinus sylvestris"
"1065","22",235,NA,"Pinus nigra"
"1066","22",199,11.196,"Pinus nigra"
"1067","22",141,NA,"Pinus sylvestris"
"1068","22",186,8.599,"Pinus nigra"
"1069","22",256,NA,"Pinus nigra"
"1070","22",202,10.276,"Pinus nigra"
"1071","22",149,8.313,"Pinus sylvestris"
"1072","22",247,11.24,"Pinus nigra"
"1073","22",251,NA,"Pinus nigra"
"1074","22",254,NA,"Pinus nigra"
"1075","22",225,9.67,"Pinus nigra"
"1076","22",249,NA,"Pinus nigra"
"1077","22",274,NA,"Pinus nigra"
"1078","22",171,9.024,"Pinus nigra"
"1079","22",155,NA,"Pinus sylvestris"
"1080","22",251,NA,"Pinus nigra"
"1081","22",264,NA,"Pinus nigra"
"1082","22",196,NA,"Pinus nigra"
"1083","22",199,NA,"Pinus nigra"
"1084","22",213,NA,"Pinus nigra"
"1085","22",223,NA,"Pinus nigra"
"1086","22",217,NA,"Pinus nigra"
"1087","22",260,NA,"Pinus nigra"
"1088","22",283,NA,"Pinus nigra"
"1089","22",246,NA,"Pinus nigra"
"1090","22",257,NA,"Pinus nigra"
"1091","22",278,NA,"Pinus nigra"
"1092","22",233,NA,"Pinus nigra"
"1093","22",188,NA,"Pinus nigra"
"1094","22",191,9.213,"Pinus sylvestris"
"1095","22",247,NA,"Pinus nigra"
"1096","22",173,NA,"Pinus nigra"
"1097","22",273,NA,"Pinus nigra"
"1098","22",228,NA,"Pinus nigra"
"1099","22",241,NA,"Pinus nigra"
"1100","22",227,NA,"Pinus nigra"
"1101","22",237,10.468,"Pinus nigra"
"1102","22",253,NA,"Pinus nigra"
"1103","22",269,NA,"Pinus nigra"
"1104","22",237,NA,"Pinus nigra"
"1105","22",266,9.797,"Pinus nigra"
"1106","22",242,11.293,"Pinus nigra"
"1107","22",298,NA,"Pinus nigra"
"1108","22",151,NA,"Pinus nigra"
"1109","23",184,NA,"Pinus sylvestris"
"1110","23",157,NA,"Pinus sylvestris"
"1111","23",192,NA,"Pinus sylvestris"
"1112","23",112,NA,"Pinus nigra"
"1113","23",177,NA,"Pinus sylvestris"
"1114","23",192,NA,"Pinus sylvestris"
"1115","23",179,NA,"Pinus sylvestris"
"1116","23",232,NA,"Pinus sylvestris"
"1117","23",167,NA,"Pinus sylvestris"
"1118","23",182,NA,"Pinus sylvestris"
"1119","23",175,NA,"Pinus sylvestris"
"1120","23",222,9.391,"Pinus sylvestris"
"1121","23",151,NA,"Pinus sylvestris"
"1122","23",141,NA,"Pinus sylvestris"
"1123","23",172,8.692,"Pinus sylvestris"
"1124","23",208,NA,"Pinus sylvestris"
"1125","23",197,NA,"Pinus sylvestris"
"1126","23",190,NA,"Pinus sylvestris"
"1127","23",193,NA,"Pinus sylvestris"
"1128","23",195,NA,"Pinus sylvestris"
"1129","23",191,9.61,"Pinus sylvestris"
"1130","23",193,NA,"Pinus sylvestris"
"1131","23",176,NA,"Pinus sylvestris"
"1132","23",172,NA,"Pinus sylvestris"
"1133","23",211,NA,"Pinus sylvestris"
"1134","23",146,NA,"Pinus sylvestris"
"1135","23",169,NA,"Pinus sylvestris"
"1136","23",155,NA,"Pinus sylvestris"
"1137","23",197,NA,"Pinus sylvestris"
"1138","23",197,NA,"Pinus sylvestris"
"1139","23",182,NA,"Pinus sylvestris"
"1140","23",190,NA,"Pinus sylvestris"
"1141","23",200,NA,"Pinus sylvestris"
"1142","23",202,NA,"Pinus sylvestris"
"1143","23",227,10.927,"Pinus sylvestris"
"1144","23",135,NA,"Pinus sylvestris"
"1145","23",179,NA,"Pinus sylvestris"
"1146","23",186,NA,"Pinus sylvestris"
"1147","23",178,NA,"Pinus sylvestris"
"1148","23",206,NA,"Pinus sylvestris"
"1149","23",193,NA,"Pinus sylvestris"
"1150","23",161,NA,"Pinus sylvestris"
"1151","23",202,NA,"Pinus sylvestris"
"1152","23",178,NA,"Pinus sylvestris"
"1153","23",184,NA,"Pinus sylvestris"
"1154","23",201,NA,"Pinus sylvestris"
"1155","23",167,NA,"Pinus sylvestris"
"1156","23",172,NA,"Pinus sylvestris"
"1157","23",NA,NA,"Pinus sylvestris"
"1158","23",187,NA,"Pinus sylvestris"
"1159","23",185,NA,"Pinus sylvestris"
"1160","23",173,NA,"Pinus sylvestris"
"1161","23",165,NA,"Pinus sylvestris"
"1162","23",241,NA,"Pinus sylvestris"
"1163","23",218,NA,"Pinus sylvestris"
"1164","23",194,NA,"Pinus sylvestris"
"1165","23",187,NA,"Pinus sylvestris"
"1166","23",247,NA,"Pinus sylvestris"
"1167","23",180,NA,"Pinus sylvestris"
"1168","23",154,8.095,"Pinus sylvestris"
"1169","23",154,NA,"Pinus sylvestris"
"1170","23",180,NA,"Pinus sylvestris"
"1171","23",147,NA,"Pinus sylvestris"
"1172","23",182,NA,"Pinus sylvestris"
"1173","23",170,NA,"Pinus sylvestris"
"1174","23",165,NA,"Pinus sylvestris"
"1175","23",196,NA,"Pinus sylvestris"
"1176","23",187,NA,"Pinus sylvestris"
"1177","23",183,NA,"Pinus sylvestris"
"1178","23",156,NA,"Pinus sylvestris"
"1179","23",188,NA,"Pinus sylvestris"
"1180","23",249,NA,"Pinus sylvestris"
"1181","23",142,NA,"Pinus sylvestris"
"1182","23",214,NA,"Pinus sylvestris"
"1183","23",210,NA,"Pinus sylvestris"
"1184","24",169,NA,"Pinus sylvestris"
"1185","24",120,NA,"Pinus sylvestris"
"1186","24",107,NA,"Pinus sylvestris"
"1187","24",152,8.874,"Pinus sylvestris"
"1188","24",189,NA,"Pinus sylvestris"
"1189","24",176,NA,"Pinus sylvestris"
"1190","24",237,NA,"Pinus sylvestris"
"1191","24",112,NA,"Pinus sylvestris"
"1192","24",155,NA,"Pinus sylvestris"
"1193","24",213,NA,"Pinus sylvestris"
"1194","24",165,NA,"Pinus sylvestris"
"1195","24",237,9.302,"Pinus sylvestris"
"1196","24",172,NA,"Pinus sylvestris"
"1197","24",162,NA,"Pinus sylvestris"
"1198","24",176,7.353,"Pinus sylvestris"
"1199","24",141,7.909,"Pinus sylvestris"
"1200","24",211,NA,"Pinus sylvestris"
"1201","24",177,6.281,"Pinus sylvestris"
"1202","24",158,NA,"Pinus sylvestris"
"1203","24",129,NA,"Pinus sylvestris"
"1204","24",198,7.306,"Pinus sylvestris"
"1205","24",189,NA,"Pinus sylvestris"
"1206","24",197,NA,"Pinus sylvestris"
"1207","24",153,NA,"Pinus sylvestris"
"1208","24",190,7.195,"Pinus sylvestris"
"1209","24",253,NA,"Pinus sylvestris"
"1210","24",179,NA,"Pinus sylvestris"
"1211","24",152,NA,"Pinus sylvestris"
"1212","24",222,NA,"Pinus sylvestris"
"1213","24",149,NA,"Pinus sylvestris"
"1214","24",155,NA,"Pinus sylvestris"
"1215","24",127,NA,"Pinus sylvestris"
"1216","24",155,NA,"Pinus sylvestris"
"1217","24",161,NA,"Pinus sylvestris"
"1218","24",104,NA,"Pinus sylvestris"
"1219","24",229,NA,"Pinus sylvestris"
"1220","24",170,NA,"Pinus sylvestris"
"1221","24",141,NA,"Pinus sylvestris"
"1222","24",151,5.61,"Pinus sylvestris"
"1223","24",186,6.655,"Pinus sylvestris"
"1224","24",160,NA,"Pinus sylvestris"
"1225","24",203,NA,"Pinus sylvestris"
"1226","24",185,8.149,"Pinus sylvestris"
"1227","24",162,NA,"Pinus sylvestris"
"1228","24",136,6.008,"Pinus sylvestris"
"1229","24",167,6.862,"Pinus sylvestris"
"1230","24",133,NA,"Pinus sylvestris"
"1231","24",163,7.061,"Pinus sylvestris"
"1232","24",161,6.181,"Pinus sylvestris"
"1233","24",146,NA,"Pinus sylvestris"
"1234","24",113,NA,"Pinus sylvestris"
"1235","24",189,6.594,"Pinus sylvestris"
"1236","24",87,5.548,"Pinus sylvestris"
"1237","24",247,NA,"Pinus sylvestris"
"1238","24",161,NA,"Pinus sylvestris"
"1239","24",164,NA,"Pinus sylvestris"
"1240","25",278,11.559,"Pinus nigra"
"1241","25",186,11.205,"Pinus nigra"
"1242","25",278,10.636,"Pinus nigra"
"1243","25",283,12.686,"Pinus nigra"
"1244","25",216,NA,"Pinus nigra"
"1245","25",192,9.604,"Pinus nigra"
"1246","25",224,NA,"Pinus nigra"
"1247","25",213,NA,"Pinus nigra"
"1248","25",230,9.473,"Pinus nigra"
"1249","25",178,10.528,"Pinus sylvestris"
"1250","25",244,NA,"Pinus nigra"
"1251","25",225,9.612,"Pinus nigra"
"1252","25",182,9.549,"Pinus sylvestris"
"1253","25",127,NA,"Pinus nigra"
"1254","25",140,9.356,"Pinus sylvestris"
"1255","25",185,10.382,"Pinus nigra"
"1256","25",202,NA,"Pinus sylvestris"
"1257","25",175,NA,"Pinus nigra"
"1258","25",188,NA,"Pinus sylvestris"
"1259","25",215,10.66,"Pinus nigra"
"1260","25",201,10.131,"Pinus nigra"
"1261","25",220,NA,"Pinus nigra"
"1262","25",293,NA,"Pinus nigra"
"1263","25",190,NA,"Pinus nigra"
"1264","25",171,NA,"Pinus nigra"
"1265","25",185,NA,"Pinus nigra"
"1266","25",234,10.27,"Pinus nigra"
"1267","25",242,NA,"Pinus nigra"
"1268","25",221,10.498,"Pinus nigra"
"1269","25",215,NA,"Pinus nigra"
"1270","25",249,NA,"Pinus nigra"
"1271","25",313,NA,"Pinus nigra"
"1272","25",222,NA,"Pinus nigra"
"1273","25",203,NA,"Pinus nigra"
"1274","25",235,NA,"Pinus nigra"
"1275","25",220,NA,"Pinus nigra"
"1276","25",235,NA,"Pinus nigra"
"1277","25",222,NA,"Pinus nigra"
"1278","25",233,NA,"Pinus nigra"
"1279","25",249,NA,"Pinus nigra"
"1280","25",282,NA,"Pinus nigra"
"1281","25",244,NA,"Pinus nigra"
"1282","25",236,NA,"Pinus nigra"
"1283","25",258,NA,"Pinus nigra"
"1284","25",324,13.357,"Pinus nigra"
"1285","25",NA,NA,"Pinus nigra"
"1286","25",211,11.383,"Pinus nigra"
"1287","27",139,7.717,"Pinus sylvestris"
"1288","27",144,NA,"Pinus sylvestris"
"1289","27",180,6.431,"Pinus sylvestris"
"1290","27",148,NA,"Pinus sylvestris"
"1291","27",211,7.148,"Pinus sylvestris"
"1292","27",186,6.715,"Pinus sylvestris"
"1293","27",221,NA,"Pinus sylvestris"
"1294","27",239,8.228,"Pinus sylvestris"
"1295","27",221,NA,"Pinus sylvestris"
"1296","27",161,6.319,"Pinus sylvestris"
"1297","27",128,NA,"Pinus sylvestris"
"1298","27",159,5.943,"Pinus sylvestris"
"1299","27",201,NA,"Pinus sylvestris"
"1300","27",188,NA,"Pinus sylvestris"
"1301","27",172,NA,"Pinus sylvestris"
"1302","27",129,7.956,"Pinus sylvestris"
"1303","27",216,7.938,"Pinus sylvestris"
"1304","27",156,NA,"Pinus sylvestris"
"1305","27",147,NA,"Pinus sylvestris"
"1306","27",219,7.471,"Pinus sylvestris"
"1307","27",192,NA,"Pinus sylvestris"
"1308","27",246,8.883,"Pinus sylvestris"
"1309","27",119,NA,"Pinus sylvestris"
"1310","27",158,NA,"Pinus sylvestris"
"1311","27",190,NA,"Pinus sylvestris"
"1312","27",143,NA,"Pinus sylvestris"
"1313","27",178,NA,"Pinus sylvestris"
"1314","27",165,7.528,"Pinus sylvestris"
"1315","27",223,NA,"Pinus sylvestris"
"1316","27",197,7.355,"Pinus sylvestris"
"1317","27",NA,NA,"Pinus sylvestris"
"1318","27",143,NA,"Pinus sylvestris"
"1319","27",194,NA,"Pinus sylvestris"
"1320","27",157,NA,"Pinus sylvestris"
"1321","27",240,NA,"Pinus sylvestris"
"1322","27",143,NA,"Pinus sylvestris"
"1323","27",127,5.467,"Pinus sylvestris"
"1324","27",243,NA,"Pinus sylvestris"
"1325","27",138,NA,"Pinus sylvestris"
"1326","27",149,NA,"Pinus sylvestris"
"1327","27",178,NA,"Pinus sylvestris"
"1328","27",173,NA,"Pinus sylvestris"
"1329","27",168,8.064,"Pinus sylvestris"
"1330","27",276,6.904,"Pinus sylvestris"
"1331","27",263,NA,"Pinus sylvestris"
"1332","27",223,NA,"Pinus sylvestris"
"1333","27",165,NA,"Pinus sylvestris"
"1334","27",179,NA,"Pinus sylvestris"
"1335","28",328,18.857,"Pinus sylvestris"
"1336","28",223,NA,"Pinus sylvestris"
"1337","28",277,NA,"Pinus sylvestris"
"1338","28",353,18.245,"Pinus sylvestris"
"1339","28",215,NA,"Pinus sylvestris"
"1340","28",338,18.191,"Pinus sylvestris"
"1341","28",176,15.362,"Pinus sylvestris"
"1342","28",235,16.179,"Pinus sylvestris"
"1343","28",256,13.238,"Pinus sylvestris"
"1344","28",161,NA,"Pinus sylvestris"
"1345","28",357,12.964,"Pinus sylvestris"
"1346","28",364,19.987,"Pinus sylvestris"
"1347","28",272,20.232,"Pinus sylvestris"
"1348","28",318,20.049,"Pinus sylvestris"
"1349","28",468,21.055,"Pinus sylvestris"
"1350","28",352,19.921,"Pinus sylvestris"
"1351","28",255,NA,"Pinus sylvestris"
"1352","28",308,21.382,"Pinus sylvestris"
"1353","28",479,21.993,"Pinus sylvestris"
"1354","28",265,19.082,"Pinus sylvestris"
"1355","28",335,NA,"Pinus sylvestris"
"1356","28",531,18.192,"Pinus sylvestris"
"1357","28",342,NA,"Pinus sylvestris"
"1358","28",379,NA,"Pinus sylvestris"
"1359","28",265,NA,"Pinus sylvestris"
"1360","28",326,NA,"Pinus sylvestris"
"1361","28",165,9.352,"Pinus sylvestris"
"1362","28",334,NA,"Pinus sylvestris"
"1363","28",224,NA,"Pinus sylvestris"
"1364","29",237,NA,"Pinus sylvestris"
"1365","29",237,NA,"Pinus sylvestris"
"1366","29",203,NA,"Pinus sylvestris"
"1367","29",248,14.679,"Pinus sylvestris"
"1368","29",170,NA,"Pinus sylvestris"
"1369","29",232,NA,"Pinus sylvestris"
"1370","29",170,NA,"Pinus sylvestris"
"1371","29",237,NA,"Pinus sylvestris"
"1372","29",172,NA,"Pinus sylvestris"
"1373","29",272,NA,"Pinus sylvestris"
"1374","29",234,NA,"Pinus sylvestris"
"1375","29",287,16.491,"Pinus sylvestris"
"1376","29",260,13.112,"Pinus sylvestris"
"1377","29",252,NA,"Pinus sylvestris"
"1378","29",296,NA,"Pinus sylvestris"
"1379","29",194,14.923,"Pinus sylvestris"
"1380","29",299,16.392,"Pinus sylvestris"
"1381","29",242,14.338,"Pinus sylvestris"
"1382","29",302,NA,"Pinus sylvestris"
"1383","29",253,13.751,"Pinus sylvestris"
"1384","29",307,NA,"Pinus sylvestris"
"1385","29",327,16.559,"Pinus sylvestris"
"1386","29",232,NA,"Pinus sylvestris"
"1387","29",330,NA,"Pinus sylvestris"
"1388","29",257,14.962,"Pinus sylvestris"
"1389","29",311,15.369,"Pinus sylvestris"
"1390","29",269,13.794,"Pinus sylvestris"
"1391","29",300,14.804,"Pinus sylvestris"
"1392","29",321,14.606,"Pinus sylvestris"
"1393","29",290,NA,"Pinus sylvestris"
"1394","29",240,16.814,"Pinus sylvestris"
"1395","29",412,18.474,"Pinus sylvestris"
"1396","29",224,NA,"Pinus sylvestris"
"1397","29",250,16.059,"Pinus sylvestris"
"1398","29",202,15.256,"Pinus sylvestris"
"1399","29",324,16.074,"Pinus sylvestris"
"1400","29",336,NA,"Pinus sylvestris"
"1401","29",272,NA,"Pinus sylvestris"
"1402","29",253,13.858,"Pinus sylvestris"
"1403","29",298,NA,"Pinus sylvestris"
"1404","29",221,14.742,"Pinus sylvestris"
"1405","29",291,NA,"Pinus sylvestris"
"1406","29",277,NA,"Pinus sylvestris"
"1407","29",379,17.026,"Pinus sylvestris"
"1408","29",158,13.523,"Pinus sylvestris"
"1409","29",181,NA,"Pinus sylvestris"
"1410","29",129,15.173,"Pinus sylvestris"
"1411","29",405,15.771,"Pinus sylvestris"
"1412","29",282,16.914,"Pinus sylvestris"
"1413","29",367,NA,"Pinus sylvestris"
"1414","29",261,15.455,"Pinus sylvestris"
"1415","29",225,15.246,"Pinus sylvestris"
"1416","29",191,NA,"Pinus sylvestris"
"1417","29",428,NA,"Pinus sylvestris"
"1418","29",458,18.138,"Pinus sylvestris"
"1419","30",199,NA,"Pinus nigra"
"1420","30",196,6.526,"Pinus nigra"
"1421","30",223,NA,"Pinus nigra"
"1422","30",249,9.246,"Pinus nigra"
"1423","30",196,8.921,"Pinus nigra"
"1424","30",227,10.54,"Pinus nigra"
"1425","30",236,NA,"Pinus nigra"
"1426","30",193,9.911,"Pinus nigra"
"1427","30",169,8.709,"Pinus nigra"
"1428","30",202,NA,"Pinus nigra"
"1429","30",203,NA,"Pinus nigra"
"1430","30",226,9.795,"Pinus nigra"
"1431","30",151,7.855,"Pinus nigra"
"1432","30",171,NA,"Pinus nigra"
"1433","30",185,8.91,"Pinus nigra"
"1434","30",220,NA,"Pinus nigra"
"1435","30",247,9.523,"Pinus nigra"
"1436","30",211,11.176,"Pinus nigra"
"1437","30",158,NA,"Pinus nigra"
"1438","30",200,9.56,"Pinus nigra"
"1439","30",164,NA,"Pinus nigra"
"1440","30",183,NA,"Pinus nigra"
"1441","30",182,9.863,"Pinus nigra"
"1442","30",236,NA,"Pinus nigra"
"1443","30",191,NA,"Pinus nigra"
"1444","30",207,10.189,"Pinus nigra"
"1445","30",150,8.141,"Pinus nigra"
"1446","30",198,NA,"Pinus nigra"
"1447","30",177,8.564,"Pinus nigra"
"1448","30",163,8.355,"Pinus nigra"
"1449","30",195,NA,"Pinus nigra"
"1450","30",203,9.289,"Pinus nigra"
"1451","30",201,8.025,"Pinus nigra"
"1452","30",187,NA,"Pinus nigra"
"1453","30",247,NA,"Pinus nigra"
"1454","30",198,NA,"Pinus nigra"
"1455","30",243,NA,"Pinus nigra"
"1456","30",154,NA,"Pinus nigra"
"1457","30",135,NA,"Pinus nigra"
"1458","30",166,NA,"Pinus nigra"
"1459","30",118,6.978,"Pinus sylvestris"
"1460","30",223,9.357,"Pinus sylvestris"
"1461","30",231,NA,"Pinus nigra"
"1462","30",144,6.89,"Pinus sylvestris"
"1463","30",266,NA,"Pinus nigra"
"1464","30",164,NA,"Pinus nigra"
"1465","30",220,9.091,"Pinus nigra"
"1466","30",92,NA,"Pinus sylvestris"
"1467","30",216,9.562,"Pinus sylvestris"
"1468","30",112,NA,"Pinus sylvestris"
"1469","30",166,NA,"Pinus nigra"
"1470","30",213,NA,"Pinus nigra"
"1471","30",185,NA,"Pinus nigra"
"1472","30",200,NA,"Pinus nigra"
"1473","30",196,NA,"Pinus nigra"
"1474","30",138,NA,"Pinus nigra"
"1475","30",203,NA,"Pinus nigra"
"1476","30",193,NA,"Pinus nigra"
"1477","30",164,NA,"Pinus nigra"
"1478","30",178,NA,"Pinus nigra"
"1479","30",205,NA,"Pinus nigra"
"1480","30",169,NA,"Pinus nigra"
"1481","30",218,NA,"Pinus nigra"
"1482","31",198,7.695,"Pinus sylvestris"
"1483","31",170,NA,"Pinus sylvestris"
"1484","31",165,NA,"Pinus sylvestris"
"1485","31",179,NA,"Pinus sylvestris"
"1486","31",146,NA,"Pinus sylvestris"
"1487","31",195,NA,"Pinus sylvestris"
"1488","31",136,NA,"Pinus sylvestris"
"1489","31",173,NA,"Pinus sylvestris"
"1490","31",165,NA,"Pinus sylvestris"
"1491","31",227,8.012,"Pinus sylvestris"
"1492","31",216,NA,"Pinus sylvestris"
"1493","31",149,6.334,"Pinus sylvestris"
"1494","31",152,6.937,"Pinus sylvestris"
"1495","31",144,NA,"Pinus sylvestris"
"1496","31",144,NA,"Pinus sylvestris"
"1497","31",193,NA,"Pinus sylvestris"
"1498","31",178,NA,"Pinus sylvestris"
"1499","31",146,NA,"Pinus sylvestris"
"1500","31",163,NA,"Pinus sylvestris"
"1501","31",178,6.496,"Pinus sylvestris"
"1502","31",193,7.515,"Pinus sylvestris"
"1503","31",156,6.287,"Pinus sylvestris"
"1504","31",213,NA,"Pinus sylvestris"
"1505","31",212,NA,"Pinus sylvestris"
"1506","31",192,NA,"Pinus sylvestris"
"1507","31",188,NA,"Pinus sylvestris"
"1508","31",123,NA,"Pinus sylvestris"
"1509","31",189,NA,"Pinus sylvestris"
"1510","31",190,NA,"Pinus sylvestris"
"1511","31",193,NA,"Pinus sylvestris"
"1512","31",206,NA,"Pinus sylvestris"
"1513","31",184,5.873,"Pinus sylvestris"
"1514","31",176,NA,"Pinus sylvestris"
"1515","31",171,8.165,"Pinus sylvestris"
"1516","31",220,NA,"Pinus sylvestris"
"1517","31",145,NA,"Pinus sylvestris"
"1518","31",158,NA,"Pinus sylvestris"
"1519","31",194,NA,"Pinus sylvestris"
"1520","31",152,NA,"Pinus sylvestris"
"1521","31",161,NA,"Pinus sylvestris"
"1522","31",212,7.741,"Pinus sylvestris"
"1523","31",189,9.637,"Pinus sylvestris"
"1524","31",207,NA,"Pinus sylvestris"
"1525","31",192,NA,"Pinus sylvestris"
"1526","31",143,NA,"Pinus sylvestris"
"1527","31",177,NA,"Pinus sylvestris"
"1528","31",167,NA,"Pinus sylvestris"
"1529","31",182,NA,"Pinus sylvestris"
"1530","31",153,6.794,"Pinus sylvestris"
"1531","31",167,NA,"Pinus sylvestris"
"1532","31",177,NA,"Pinus sylvestris"
"1533","31",172,NA,"Pinus sylvestris"
"1534","31",217,NA,"Pinus sylvestris"
"1535","31",199,NA,"Pinus sylvestris"
"1536","31",212,8.015,"Pinus sylvestris"
"1537","31",125,NA,"Pinus sylvestris"
"1538","31",192,NA,"Pinus sylvestris"
"1539","31",159,NA,"Pinus sylvestris"
"1540","31",193,NA,"Pinus sylvestris"
